"","x"
"1","192"
"2","226"
"3","234"
"4","435"
"5","444"
"6","448"
"7","521"
"8","620"
"9","631"
"10","714"
"11","794"
"12","798"
"13","867"
"14","871"
"15","934"
"16","959"
"17","1102"
"18","1116"
"19","1140"
"20","1245"
"21","1256"
"22","1288"
"23","1313"
"24","1314"
"25","1336"
"26","1338"
"27","1394"
"28","1582"
"29","1705"
"30","1842"
"31","1844"
"32","1930"
"33","1975"
"34","2237"
"35","2245"
"36","2280"
"37","2290"
"38","2316"
"39","2418"
"40","2500"
"41","2525"
"42","2526"
"43","2588"
"44","2691"
"45","3043"
"46","3293"
"47","3362"
"48","3460"
"49","3490"
"50","3530"
"51","3628"
"52","3666"
"53","3673"
"54","3675"
"55","3711"
"56","3720"
"57","3759"
"58","3782"
"59","3794"
"60","4027"
"61","4112"
"62","4130"
"63","4136"
"64","4225"
"65","4239"
"66","4241"
"67","4254"
"68","4285"
"69","4319"
"70","4327"
"71","4386"
"72","4469"
"73","4472"
"74","4473"
"75","4489"
"76","4516"
"77","4561"
"78","4595"
"79","4606"
"80","4642"
"81","4681"
"82","4701"
"83","4730"
"84","4793"
"85","4802"
"86","4830"
"87","4840"
"88","4842"
"89","4865"
"90","4886"
"91","4922"
"92","4927"
"93","4968"
"94","5048"
"95","5049"
"96","5160"
"97","5173"
"98","5214"
"99","5217"
"100","5269"
"101","5282"
"102","5304"
"103","5577"
"104","5586"
"105","5739"
"106","5752"
"107","5795"
"108","6114"
"109","6127"
"110","6143"
"111","6207"
"112","6295"
"113","6330"
"114","6461"
"115","6613"
"116","6656"
"117","6773"
"118","6805"
"119","6890"
"120","6976"
"121","7022"
"122","7046"
"123","7244"
"124","7277"
"125","7338"
"126","7366"
"127","7562"
"128","7569"
"129","7728"
"130","7739"
"131","7757"
"132","7885"
"133","7907"
"134","7964"
"135","8053"
"136","8207"
"137","8242"
"138","8320"
"139","8394"
"140","8450"
"141","8741"
"142","8756"
"143","8788"
"144","8875"
"145","8912"
"146","8928"
"147","8966"
"148","9000"
"149","9024"
"150","9096"
"151","9098"
"152","9153"
"153","9222"
"154","9252"
"155","9329"
"156","9391"
"157","9465"
"158","9485"
"159","9518"
"160","9521"
"161","9784"
"162","9791"
"163","9873"
"164","9915"
"165","10003"
"166","10138"
"167","10220"
"168","10299"
"169","10431"
"170","10450"
"171","10465"
"172","10491"
"173","10497"
"174","10566"
"175","10751"
"176","10752"
"177","10851"
"178","11175"
"179","11216"
"180","11222"
"181","11242"
"182","11278"
"183","11526"
"184","11532"
"185","11721"
"186","11724"
"187","11758"
"188","11870"
"189","11917"
"190","11964"
"191","11983"
"192","12184"
"193","12259"
"194","12269"
"195","12284"
"196","12309"
"197","12316"
"198","12317"
"199","12350"
"200","12351"
"201","12403"
"202","12443"
"203","12526"
"204","12551"
"205","12583"
"206","12609"
"207","12631"
"208","12672"
"209","12673"
"210","12729"
"211","12801"
"212","12816"
"213","12837"
"214","12844"
"215","12875"
"216","12916"
"217","12945"
"218","12977"
"219","13075"
"220","13086"
"221","13095"
"222","13101"
"223","13103"
"224","13106"
"225","13125"
"226","13148"
"227","13152"
"228","13209"
"229","13226"
"230","13239"
"231","13290"
"232","13312"
"233","13319"
"234","13375"
"235","13377"
"236","13380"
"237","13401"
"238","13428"
"239","13440"
"240","13451"
"241","13485"
"242","13548"
"243","13573"
"244","13801"
"245","13848"
"246","13896"
"247","13897"
"248","13957"
"249","14112"
"250","14117"
"251","14127"
"252","14180"
"253","14236"
"254","14408"
"255","14481"
"256","14496"
"257","14513"
"258","14572"
"259","14696"
"260","14729"
"261","15009"
"262","15083"
"263","15135"
"264","15138"
"265","15142"
"266","15148"
"267","15151"
"268","15152"
"269","15153"
"270","15157"
"271","15158"
"272","15179"
"273","15181"
"274","15200"
"275","15201"
"276","15202"
"277","15204"
"278","15206"
"279","15210"
"280","15218"
"281","15222"
"282","15229"
"283","15249"
"284","15250"
"285","15254"
"286","15266"
"287","15267"
"288","15272"
"289","15276"
"290","15278"
"291","15283"
"292","15290"
"293","15291"
"294","15292"
"295","15294"
"296","15297"
"297","15305"
"298","15310"
"299","15324"
"300","15334"
"301","15350"
"302","15359"
"303","15364"
"304","15365"
"305","15381"
"306","15385"
"307","15392"
"308","15407"
"309","15410"
"310","15414"
"311","15420"
"312","15424"
"313","15425"
"314","15438"
"315","15440"
"316","15441"
"317","15454"
"318","15463"
"319","15468"
"320","15469"
"321","15470"
"322","15474"
"323","15475"
"324","15478"
"325","15481"
"326","15487"
"327","15493"
"328","15494"
"329","15501"
"330","15514"
"331","15516"
"332","15521"
"333","15524"
"334","15530"
"335","15542"
"336","15545"
"337","15547"
"338","15554"
"339","15566"
"340","15570"
"341","15571"
"342","15574"
"343","15575"
"344","15578"
"345","15582"
"346","15588"
"347","15592"
"348","15594"
"349","15601"
"350","15607"
"351","15608"
"352","15610"
"353","15612"
"354","15615"
"355","15644"
"356","15645"
"357","15647"
"358","15659"
"359","15663"
"360","15667"
"361","15672"
"362","15686"
"363","15696"
"364","15700"
"365","15701"
"366","15704"
"367","15706"
"368","15710"
"369","15713"
"370","15717"
"371","15724"
"372","15725"
"373","15728"
"374","15732"
"375","15738"
"376","15756"
"377","15757"
"378","15768"
"379","15774"
"380","15777"
"381","15779"
"382","15780"
"383","15786"
"384","15787"
"385","15791"
"386","15794"
"387","15795"
"388","15796"
"389","15800"
"390","15806"
"391","15807"
"392","15816"
"393","15829"
"394","15830"
"395","15836"
"396","15839"
"397","15841"
"398","15844"
"399","15846"
"400","15848"
"401","15863"
"402","15876"
"403","15883"
"404","15884"
"405","15887"
"406","15889"
"407","15901"
"408","15903"
"409","15904"
"410","15908"
"411","15909"
"412","15921"
"413","15926"
"414","15940"
"415","15946"
"416","15950"
"417","15955"
"418","15973"
"419","15984"
"420","15986"
"421","15993"
"422","15994"
"423","15997"
"424","16001"
"425","16026"
"426","16039"
"427","16041"
"428","16047"
"429","16048"
"430","16053"
"431","16055"
"432","16057"
"433","16058"
"434","16067"
"435","16074"
"436","16081"
"437","16092"
"438","16094"
"439","16101"
"440","16102"
"441","16116"
"442","16122"
"443","16128"
"444","16133"
"445","16135"
"446","16142"
"447","16153"
"448","16159"
"449","16160"
"450","16162"
"451","16163"
"452","16169"
"453","16170"
"454","16186"
"455","16189"
"456","16191"
"457","16198"
"458","16200"
"459","16201"
"460","16216"
"461","16217"
"462","16224"
"463","16225"
"464","16226"
"465","16231"
"466","16245"
"467","16259"
"468","16260"
"469","16269"
"470","16270"
"471","16272"
"472","16279"
"473","16284"
"474","16285"
"475","16300"
"476","16307"
"477","16311"
"478","16317"
"479","16319"
"480","16322"
"481","16328"
"482","16330"
"483","16334"
"484","16336"
"485","16338"
"486","16342"
"487","16347"
"488","16355"
"489","16362"
"490","16363"
"491","16377"
"492","16378"
"493","16380"
"494","16394"
"495","16396"
"496","16397"
"497","16398"
"498","16399"
"499","16403"
"500","16404"
"501","16415"
"502","16416"
"503","16422"
"504","16425"
"505","16427"
"506","16431"
"507","16453"
"508","16458"
"509","16462"
"510","16463"
"511","16465"
"512","16473"
"513","16490"
"514","16496"
"515","16501"
"516","16503"
"517","16508"
"518","16515"
"519","16527"
"520","16530"
"521","16537"
"522","16541"
"523","16543"
"524","16546"
"525","16554"
"526","16559"
"527","16562"
"528","16564"
"529","16567"
"530","16571"
"531","16577"
"532","16579"
"533","16588"
"534","16589"
"535","16616"
"536","16619"
"537","16633"
"538","16635"
"539","16637"
"540","16638"
"541","16641"
"542","16648"
"543","16650"
"544","16672"
"545","16677"
"546","16678"
"547","16679"
"548","16681"
"549","16691"
"550","16692"
"551","16695"
"552","16697"
"553","16703"
"554","16708"
"555","16709"
"556","16714"
"557","16720"
"558","16721"
"559","16723"
"560","16728"
"561","16737"
"562","16755"
"563","16762"
"564","16764"
"565","16766"
"566","16771"
"567","16778"
"568","16781"
"569","16782"
"570","16789"
"571","16793"
"572","16807"
"573","16811"
"574","16818"
"575","16821"
"576","16830"
"577","16835"
"578","16838"
"579","16845"
"580","16849"
"581","16850"
"582","16855"
"583","16865"
"584","16878"
"585","16893"
"586","16895"
"587","16896"
"588","16897"
"589","16899"
"590","16900"
"591","16911"
"592","16914"
"593","16918"
"594","16929"
"595","16931"
"596","16932"
"597","16933"
"598","16934"
"599","16949"
"600","16964"
"601","16968"
"602","16969"
"603","16973"
"604","16988"
"605","16996"
"606","17000"
"607","17014"
"608","17015"
"609","17019"
"610","17037"
"611","17041"
"612","17045"
"613","17054"
"614","17057"
"615","17059"
"616","17076"
"617","17085"
"618","17093"
"619","17095"
"620","17101"
"621","17104"
"622","17107"
"623","17144"
"624","17148"
"625","17161"
"626","17164"
"627","17183"
"628","17192"
"629","17198"
"630","17199"
"631","17207"
"632","17210"
"633","17211"
"634","17217"
"635","17218"
"636","17221"
"637","17223"
"638","17224"
"639","17230"
"640","17240"
"641","17242"
"642","17247"
"643","17251"
"644","17262"
"645","17263"
"646","17281"
"647","17284"
"648","17302"
"649","17312"
"650","17313"
"651","17314"
"652","17316"
"653","17317"
"654","17319"
"655","17361"
"656","17362"
"657","17365"
"658","17381"
"659","17383"
"660","17386"
"661","17388"
"662","17397"
"663","17399"
"664","17403"
"665","17411"
"666","17412"
"667","17414"
"668","17422"
"669","17423"
"670","17424"
"671","17434"
"672","17436"
"673","17439"
"674","17440"
"675","17452"
"676","17457"
"677","17459"
"678","17468"
"679","17477"
"680","17479"
"681","17480"
"682","17484"
"683","17485"
"684","17487"
"685","17489"
"686","17496"
"687","17508"
"688","17511"
"689","17517"
"690","17528"
"691","17529"
"692","17530"
"693","17544"
"694","17550"
"695","17562"
"696","17565"
"697","17568"
"698","17569"
"699","17573"
"700","17577"
"701","17583"
"702","17596"
"703","17606"
"704","17613"
"705","17614"
"706","17633"
"707","17635"
"708","17646"
"709","17668"
"710","17669"
"711","17671"
"712","17678"
"713","17693"
"714","17712"
"715","17714"
"716","17719"
"717","17724"
"718","17752"
"719","17762"
"720","17763"
"721","17764"
"722","17766"
"723","17770"
"724","17781"
"725","17783"
"726","17805"
"727","17807"
"728","17818"
"729","17823"
"730","17829"
"731","17838"
"732","17840"
"733","17841"
"734","17849"
"735","17860"
"736","17863"
"737","17864"
"738","17866"
"739","17869"
"740","17871"
"741","17894"
"742","17902"
"743","17912"
"744","17935"
"745","17952"
"746","17954"
"747","17969"
"748","17996"
"749","18004"
"750","18005"
"751","18006"
"752","18018"
"753","18019"
"754","18022"
"755","18025"
"756","18027"
"757","18028"
"758","18029"
"759","18032"
"760","18035"
"761","18036"
"762","18045"
"763","18047"
"764","18053"
"765","18057"
"766","18062"
"767","18072"
"768","18073"
"769","18074"
"770","18084"
"771","18093"
"772","18099"
"773","18104"
"774","18118"
"775","18123"
"776","18125"
"777","18138"
"778","18141"
"779","18148"
"780","18158"
"781","18161"
"782","18164"
"783","18182"
"784","18188"
"785","18191"
"786","18201"
"787","18204"
"788","18206"
"789","18215"
"790","18223"
"791","18238"
"792","18239"
"793","18251"
"794","18255"
"795","18260"
"796","18274"
"797","18286"
"798","18291"
"799","18296"
"800","18300"
"801","18305"
"802","18306"
"803","18312"
"804","18326"
"805","18330"
"806","18333"
"807","18336"
"808","18345"
"809","18350"
"810","18356"
"811","18363"
"812","18368"
"813","18369"
"814","18370"
"815","18380"
"816","18381"
"817","18386"
"818","18390"
"819","18395"
"820","18413"
"821","18414"
"822","18431"
"823","18452"
"824","18454"
"825","18476"
"826","18487"
"827","18491"
"828","18492"
"829","18496"
"830","18501"
"831","18505"
"832","18526"
"833","18546"
"834","18547"
"835","18550"
"836","18562"
"837","18564"
"838","18565"
"839","18580"
"840","18598"
"841","18604"
"842","18613"
"843","18614"
"844","18618"
"845","18625"
"846","18629"
"847","18632"
"848","18636"
"849","18640"
"850","18654"
"851","18660"
"852","18664"
"853","18667"
"854","18670"
"855","18718"
"856","18733"
"857","18746"
"858","18752"
"859","18760"
"860","18766"
"861","18780"
"862","18792"
"863","18797"
"864","18800"
"865","18801"
"866","18805"
"867","18811"
"868","18825"
"869","18831"
"870","18837"
"871","18869"
"872","18872"
"873","18873"
"874","18874"
"875","18876"
"876","18880"
"877","18883"
"878","18886"
"879","18892"
"880","18897"
"881","18904"
"882","18913"
"883","18917"
"884","18923"
"885","18930"
"886","18934"
"887","18940"
"888","18942"
"889","18960"
"890","18964"
"891","18968"
"892","18976"
"893","18994"
"894","19002"
"895","19012"
"896","19014"
"897","19016"
"898","19017"
"899","19022"
"900","19024"
"901","19025"
"902","19027"
"903","19028"
"904","19031"
"905","19037"
"906","19042"
"907","19057"
"908","19062"
"909","19074"
"910","19076"
"911","19095"
"912","19112"
"913","19114"
"914","19116"
"915","19117"
"916","19138"
"917","19151"
"918","19160"
"919","19163"
"920","19172"
"921","19195"
"922","19204"
"923","19216"
"924","19220"
"925","19225"
"926","19232"
"927","19233"
"928","19236"
"929","19237"
"930","19240"
"931","19249"
"932","19252"
"933","19278"
"934","19297"
"935","19315"
"936","19320"
"937","19324"
"938","19330"
"939","19332"
"940","19333"
"941","19337"
"942","19346"
"943","19347"
"944","19362"
"945","19364"
"946","19373"
"947","19380"
"948","19389"
"949","19393"
"950","19397"
"951","19399"
"952","19401"
"953","19403"
"954","19409"
"955","19410"
"956","19428"
"957","19435"
"958","19443"
"959","19445"
"960","19446"
"961","19485"
"962","19498"
"963","19509"
"964","19512"
"965","19539"
"966","19542"
"967","19543"
"968","19563"
"969","19585"
"970","19591"
"971","19592"
"972","19595"
"973","19610"
"974","19614"
"975","19617"
"976","19618"
"977","19620"
"978","19627"
"979","19633"
"980","19640"
"981","19645"
"982","19653"
"983","19656"
"984","19657"
"985","19661"
"986","19670"
"987","19677"
"988","19684"
"989","19688"
"990","19695"
"991","19708"
"992","19730"
"993","19748"
"994","19749"
"995","19758"
"996","19762"
"997","19764"
"998","19782"
"999","19793"
"1000","19795"
"1001","19797"
"1002","19801"
"1003","19806"
"1004","19823"
"1005","19831"
"1006","19835"
"1007","19852"
"1008","19858"
"1009","19866"
"1010","19867"
"1011","19868"
"1012","19870"
"1013","19910"
"1014","19922"
"1015","19925"
"1016","19926"
"1017","19936"
"1018","19947"
"1019","19957"
"1020","19959"
"1021","19962"
"1022","19972"
"1023","19990"
"1024","19992"
"1025","19998"
"1026","19999"
"1027","20005"
"1028","20014"
"1029","20031"
"1030","20036"
"1031","20048"
"1032","20049"
"1033","20051"
"1034","20053"
"1035","20057"
"1036","20063"
"1037","20085"
"1038","20088"
"1039","20095"
"1040","20106"
"1041","20121"
"1042","20122"
"1043","20131"
"1044","20133"
"1045","20134"
"1046","20136"
"1047","20145"
"1048","20158"
"1049","20181"
"1050","20188"
"1051","20189"
"1052","20190"
"1053","20197"
"1054","20201"
"1055","20209"
"1056","20229"
"1057","20233"
"1058","20234"
"1059","20239"
"1060","20241"
"1061","20244"
"1062","20262"
"1063","20264"
"1064","20265"
"1065","20274"
"1066","20278"
"1067","20279"
"1068","20280"
"1069","20308"
"1070","20325"
"1071","20335"
"1072","20337"
"1073","20348"
"1074","20357"
"1075","20359"
"1076","20368"
"1077","20371"
"1078","20374"
"1079","20388"
"1080","20392"
"1081","20404"
"1082","20415"
"1083","20424"
"1084","20428"
"1085","20431"
"1086","20438"
"1087","20449"
"1088","20456"
"1089","20461"
"1090","20470"
"1091","20474"
"1092","20480"
"1093","20481"
"1094","20512"
"1095","20515"
"1096","20523"
"1097","20527"
"1098","20528"
"1099","20529"
"1100","20530"
"1101","20531"
"1102","20541"
"1103","20552"
"1104","20561"
"1105","20580"
"1106","20592"
"1107","20607"
"1108","20610"
"1109","20614"
"1110","20615"
"1111","20625"
"1112","20630"
"1113","20636"
"1114","20644"
"1115","20646"
"1116","20691"
"1117","20708"
"1118","20716"
"1119","20732"
"1120","20746"
"1121","20767"
"1122","20768"
"1123","20769"
"1124","20775"
"1125","20782"
"1126","20798"
"1127","20801"
"1128","20819"
"1129","20850"
"1130","20854"
"1131","20865"
"1132","20870"
"1133","20881"
"1134","21142"
"1135","21160"
"1136","21385"
"1137","21501"
"1138","21915"
"1139","22116"
"1140","22147"
"1141","22303"
"1142","22312"
"1143","22319"
"1144","22488"
"1145","22511"
"1146","22570"
"1147","22588"
"1148","22597"
"1149","22628"
"1150","22640"
"1151","22674"
"1152","22727"
"1153","22761"
"1154","22847"
"1155","22849"
"1156","22869"
"1157","22870"
"1158","22978"
"1159","22981"
"1160","23145"
"1161","23156"
"1162","23461"
"1163","23566"
"1164","23723"
"1165","23833"
"1166","24026"
"1167","24089"
"1168","24147"
"1169","24226"
"1170","24234"
"1171","24689"
"1172","24692"
"1173","25313"
"1174","25739"
"1175","26029"
"1176","26030"
"1177","26061"
"1178","26080"
"1179","26087"
"1180","26093"
"1181","26134"
"1182","26138"
"1183","26145"
"1184","26175"
"1185","26193"
"1186","26214"
"1187","26227"
"1188","26251"
"1189","26275"
"1190","26283"
"1191","26293"
"1192","26301"
"1193","26318"
"1194","26322"
"1195","26361"
"1196","26371"
"1197","26377"
"1198","26392"
"1199","26394"
"1200","26401"
"1201","26406"
"1202","26415"
"1203","26434"
"1204","26466"
"1205","26480"
"1206","26490"
"1207","26504"
"1208","26505"
"1209","26562"
"1210","26577"
"1211","26605"
"1212","26629"
"1213","26636"
"1214","26664"
"1215","26684"
"1216","26685"
"1217","26699"
"1218","26721"
"1219","26733"
"1220","26794"
"1221","26849"
"1222","26855"
"1223","26867"
"1224","26887"
"1225","26899"
"1226","26900"
"1227","26906"
"1228","26907"
"1229","26951"
"1230","26958"
"1231","26979"
"1232","27011"
"1233","27020"
"1234","27039"
"1235","27040"
"1236","27048"
"1237","27060"
"1238","27077"
"1239","27084"
"1240","27085"
"1241","27087"
"1242","27089"
"1243","27099"
"1244","27110"
"1245","27142"
"1246","27143"
"1247","27222"
"1248","27255"
"1249","27286"
"1250","27309"
"1251","27324"
"1252","27344"
"1253","27361"
"1254","27391"
"1255","27408"
"1256","27454"
"1257","27473"
"1258","27514"
"1259","27523"
"1260","27539"
"1261","27569"
"1262","27595"
"1263","27689"
"1264","27710"
"1265","27836"
"1266","27858"
"1267","27927"
"1268","27947"
"1269","27966"
"1270","27979"
"1271","27999"
"1272","28003"
"1273","28004"
"1274","28013"
"1275","28020"
"1276","28062"
"1277","28096"
"1278","28101"
"1279","28116"
"1280","28190"
"1281","28192"
"1282","28261"
"1283","28262"
"1284","28292"
"1285","28315"
"1286","28349"
"1287","28381"
"1288","28437"
"1289","28478"
"1290","28499"
"1291","28555"
"1292","28560"
"1293","28584"
"1294","28714"
"1295","28727"
"1296","28746"
"1297","28795"
"1298","28826"
"1299","28884"
"1300","28899"
"1301","28907"
"1302","29026"
"1303","29037"
"1304","29166"
"1305","29169"
"1306","29211"
"1307","29220"
"1308","29257"
"1309","29258"
"1310","29284"
"1311","29293"
"1312","29302"
"1313","29309"
"1314","29313"
"1315","29396"
"1316","29431"
"1317","29476"
"1318","29642"
"1319","29675"
"1320","29735"
"1321","29750"
"1322","29768"
"1323","29780"
"1324","29802"
"1325","29883"
"1326","30011"
"1327","30066"
"1328","30081"
"1329","30084"
"1330","30177"
"1331","30266"
"1332","30360"
"1333","30408"
"1334","30491"
"1335","30525"
"1336","30530"
"1337","30531"
"1338","30556"
"1339","31037"
"1340","31072"
"1341","31126"
"1342","31229"
"1343","31350"
"1344","31378"
"1345","31432"
"1346","31852"
"1347","31896"
"1348","31928"
"1349","31995"
"1350","32206"
"1351","32234"
"1352","32269"
"1353","32280"
"1354","32694"
"1355","32772"
"1356","33093"
"1357","33471"
"1358","33478"
"1359","33482"
"1360","33483"
"1361","33501"
"1362","33507"
"1363","33519"
"1364","33521"
"1365","33554"
"1366","33576"
"1367","33579"
"1368","33581"
"1369","33585"
"1370","33614"
"1371","33618"
"1372","33620"
"1373","33639"
"1374","33647"
"1375","33665"
"1376","33693"
"1377","33735"
"1378","33745"
"1379","33764"
"1380","33765"
"1381","33772"
"1382","33779"
"1383","33782"
"1384","33794"
"1385","33804"
"1386","33817"
"1387","33849"
"1388","33867"
"1389","33875"
"1390","33889"
"1391","33910"
"1392","33918"
"1393","33948"
"1394","33955"
"1395","33961"
"1396","33967"
"1397","33972"
"1398","33980"
"1399","33981"
"1400","33994"
"1401","33995"
"1402","34104"
"1403","34105"
"1404","34106"
"1405","34108"
"1406","34137"
"1407","34139"
"1408","34143"
"1409","34152"
"1410","34162"
"1411","34171"
"1412","34176"
"1413","34195"
"1414","34224"
"1415","34236"
"1416","34287"
"1417","34294"
"1418","34300"
"1419","34306"
"1420","34312"
"1421","34328"
"1422","34362"
"1423","34364"
"1424","34398"
"1425","34451"
"1426","34461"
"1427","34471"
"1428","34476"
"1429","34477"
"1430","34480"
"1431","34484"
"1432","34486"
"1433","34494"
"1434","34506"
"1435","34507"
"1436","34533"
"1437","34555"
"1438","34558"
"1439","34576"
"1440","34586"
"1441","34600"
"1442","34606"
"1443","34612"
"1444","34619"
"1445","34638"
"1446","34652"
"1447","34667"
"1448","34668"
"1449","34672"
"1450","34674"
"1451","34675"
"1452","34679"
"1453","34682"
"1454","34685"
"1455","34694"
"1456","34702"
"1457","34710"
"1458","34719"
"1459","34742"
"1460","34761"
"1461","34769"
"1462","34770"
"1463","34798"
"1464","34802"
"1465","34920"
"1466","34921"
"1467","35053"
"1468","35329"
"1469","35429"
"1470","35433"
"1471","35435"
"1472","35437"
"1473","35442"
"1474","35445"
"1475","35449"
"1476","35465"
"1477","35466"
"1478","35468"
"1479","35486"
"1480","35505"
"1481","35506"
"1482","35510"
"1483","35511"
"1484","35512"
"1485","35520"
"1486","35523"
"1487","35534"
"1488","35573"
"1489","35581"
"1490","35582"
"1491","35593"
"1492","35605"
"1493","35635"
"1494","35663"
"1495","35675"
"1496","35680"
"1497","35685"
"1498","35718"
"1499","35739"
"1500","35785"
"1501","35815"
"1502","35856"
"1503","35865"
"1504","35873"
"1505","35875"
"1506","35886"
"1507","35939"
"1508","35947"
"1509","35966"
"1510","36021"
"1511","36094"
"1512","36181"
"1513","36244"
"1514","36276"
"1515","36319"
"1516","36459"
"1517","36493"
"1518","36560"
"1519","36598"
"1520","36825"
"1521","36839"
"1522","37007"
"1523","37034"
"1524","37276"
"1525","37278"
"1526","37316"
"1527","37561"
"1528","37567"
"1529","37619"
"1530","37642"
"1531","37741"
"1532","37771"
"1533","37839"
"1534","37868"
"1535","37895"
"1536","37938"
"1537","38005"
"1538","38071"
"1539","38102"
"1540","38141"
"1541","38168"
"1542","38173"
"1543","38174"
"1544","38338"
"1545","38352"
"1546","38722"
"1547","38723"
"1548","38767"
"1549","38831"
"1550","38837"
"1551","38840"
"1552","38846"
"1553","38848"
"1554","38878"
"1555","38881"
"1556","38894"
"1557","38933"
"1558","39026"
"1559","39165"
"1560","39233"
"1561","39389"
"1562","39419"
"1563","39456"
"1564","39524"
"1565","39552"
"1566","39639"
"1567","39704"
"1568","39753"
"1569","39764"
"1570","39765"
"1571","39796"
"1572","39839"
"1573","39868"
"1574","39886"
"1575","39893"
"1576","40044"
"1577","40101"
"1578","40137"
"1579","40200"
"1580","40513"
"1581","40552"
"1582","40628"
"1583","40739"
"1584","40740"
"1585","41438"
"1586","41716"
"1587","41726"
"1588","41984"
"1589","42174"
"1590","42316"
"1591","42459"
"1592","42527"
"1593","42535"
"1594","42545"
"1595","42548"
"1596","42620"
"1597","42621"
"1598","42635"
"1599","42638"
"1600","42665"
"1601","42711"
"1602","42730"
"1603","42739"
"1604","42761"
"1605","42791"
"1606","42828"
"1607","42836"
"1608","42851"
"1609","42866"
"1610","42915"
"1611","43090"
"1612","43162"
"1613","43173"
"1614","43229"
"1615","43231"
"1616","43445"
"1617","43512"
"1618","43560"
"1619","43728"
"1620","43739"
"1621","43856"
"1622","43978"
"1623","44058"
"1624","44094"
"1625","44168"
"1626","44170"
"1627","44216"
"1628","44267"
"1629","44422"
"1630","44662"
"1631","44856"
"1632","44860"
"1633","45015"
"1634","45038"
"1635","45135"
"1636","45194"
"1637","45522"
"1638","45537"
"1639","45822"
"1640","46238"
"1641","46243"
"1642","46286"
"1643","46502"
"1644","46529"
"1645","46656"
"1646","47349"
"1647","47352"
"1648","47794"
"1649","47820"
"1650","47857"
"1651","48008"
"1652","48161"
"1653","48191"
"1654","48211"
"1655","48460"
"1656","48481"
"1657","48499"
"1658","48515"
"1659","48550"
"1660","48606"
"1661","48623"
"1662","48629"
"1663","48642"
"1664","48646"
"1665","48693"
"1666","48752"
"1667","48755"
"1668","48763"
"1669","48770"
"1670","48781"
"1671","48797"
"1672","48802"
"1673","48809"
"1674","48810"
"1675","48819"
"1676","48845"
"1677","48853"
"1678","48858"
"1679","48880"
"1680","48892"
"1681","48896"
"1682","48903"
"1683","48928"
"1684","48968"
"1685","48971"
"1686","49130"
"1687","49167"
"1688","49427"
"1689","49582"
"1690","49620"
"1691","49644"
"1692","49721"
"1693","49947"
"1694","49965"
"1695","50034"
"1696","50071"
"1697","50098"
"1698","50116"
"1699","50149"
"1700","50160"
"1701","50250"
"1702","50446"
"1703","50473"
"1704","50529"
"1705","50542"
"1706","50558"
"1707","50600"
"1708","50623"
"1709","50634"
"1710","50635"
"1711","50649"
"1712","50650"
"1713","50673"
"1714","50682"
"1715","50694"
"1716","50729"
"1717","50733"
"1718","50743"
"1719","50748"
"1720","50758"
"1721","50791"
"1722","50798"
"1723","50808"
"1724","50865"
"1725","50919"
"1726","50957"
"1727","51060"
"1728","51200"
"1729","51414"
"1730","51527"
"1731","51659"
"1732","51742"
"1733","51793"
"1734","51857"
"1735","51920"
"1736","52093"
"1737","52150"
"1738","52162"
"1739","52163"
"1740","52175"
"1741","52176"
"1742","52188"
"1743","52222"
"1744","52247"
"1745","52787"
"1746","52819"
"1747","52843"
"1748","52845"
"1749","52882"
"1750","52890"
"1751","52925"
"1752","52939"
"1753","52952"
"1754","52954"
"1755","52975"
"1756","53030"
"1757","53167"
"1758","53183"
"1759","53578"
"1760","53843"
"1761","53953"
"1762","54170"
"1763","54525"
"1764","54689"
"1765","54940"
"1766","55013"
"1767","55020"
"1768","55060"
"1769","55065"
"1770","55099"
"1771","55423"
"1772","55450"
"1773","55454"
"1774","55515"
"1775","55532"
"1776","55549"
"1777","55669"
"1778","55670"
"1779","55689"
"1780","55691"
"1781","55742"
"1782","55756"
"1783","55928"
"1784","56013"
"1785","56021"
"1786","56037"
"1787","56091"
"1788","56335"
"1789","56626"
"1790","56678"
"1791","57164"
"1792","57830"
"1793","58359"
"1794","58504"
"1795","58628"
"1796","58821"
"1797","58854"
"1798","59127"
"1799","59202"
"1800","59381"
"1801","59383"
"1802","59445"
"1803","60017"
"1804","60018"
"1805","60095"
"1806","60240"
"1807","60374"
"1808","60391"
"1809","60684"
"1810","60818"
"1811","60972"
"1812","61002"
"1813","61262"
"1814","61323"
"1815","61324"
"1816","61341"
"1817","61475"
"1818","61476"
"1819","61492"
"1820","61594"
"1821","61632"
"1822","61766"
"1823","61767"
"1824","61834"
"1825","61860"
"1826","61874"
"1827","61888"
"1828","61894"
"1829","62083"
"1830","62124"
"1831","62146"
"1832","62156"
"1833","62330"
"1834","62337"
"1835","62754"
"1836","63186"
"1837","63441"
"1838","63442"
"1839","63453"
"1840","64085"
"1841","65081"
"1842","65123"
"1843","65136"
"1844","65428"
"1845","65506"
"1846","65515"
"1847","65896"
"1848","66019"
"1849","66048"
"1850","68900"
"1851","68916"
"1852","68926"
"1853","69101"
"1854","69112"
"1855","69177"
"1856","69219"
"1857","69292"
"1858","69345"
"1859","69346"
"1860","69403"
"1861","69443"
"1862","69497"
"1863","69828"
"1864","69857"
"1865","69858"
"1866","69996"
"1867","70352"
"1868","70429"
"1869","70718"
"1870","71243"
"1871","71260"
"1872","71261"
"1873","71292"
"1874","71298"
"1875","71299"
"1876","71373"
"1877","71611"
"1878","71727"
"1879","71953"
"1880","72111"
"1881","72177"
"1882","72610"
"1883","72617"
"1884","72839"
"1885","72962"
"1886","73294"
"1887","74078"
"1888","74355"
"1889","74423"
"1890","74469"
"1891","74558"
"1892","74739"
"1893","74812"
"1894","74829"
"1895","74959"
"1896","75023"
"1897","75059"
"1898","75082"
"1899","75108"
"1900","75224"
"1901","75256"
"1902","75279"
"1903","75280"
"1904","75356"
"1905","76051"
"1906","76143"
"1907","76331"
"1908","76348"
"1909","76449"
"1910","76499"
"1911","76540"
"1912","76608"
"1913","76863"
"1914","76906"
"1915","77107"
"1916","77216"
"1917","77462"
"1918","77756"
"1919","77758"
"1920","77763"
"1921","77766"
"1922","77775"
"1923","77782"
"1924","77787"
"1925","77800"
"1926","77808"
"1927","77809"
"1928","77815"
"1929","77818"
"1930","77826"
"1931","77828"
"1932","77829"
"1933","77845"
"1934","77848"
"1935","77853"
"1936","77875"
"1937","77918"
"1938","77921"
"1939","77994"
"1940","78006"
"1941","78018"
"1942","78021"
"1943","78036"
"1944","78042"
"1945","78077"
"1946","78086"
"1947","78112"
"1948","78113"
"1949","78117"
"1950","78139"
"1951","78140"
"1952","78144"
"1953","78156"
"1954","78207"
"1955","78211"
"1956","78239"
"1957","78274"
"1958","78276"
"1959","78278"
"1960","78295"
"1961","78300"
"1962","78312"
"1963","78320"
"1964","78321"
"1965","78327"
"1966","78333"
"1967","78335"
"1968","78341"
"1969","78343"
"1970","78364"
"1971","78414"
"1972","78614"
"1973","78617"
"1974","78624"
"1975","78726"
"1976","78733"
"1977","78782"
"1978","78824"
"1979","78850"
"1980","78851"
"1981","78897"
"1982","78934"
"1983","78951"
"1984","78964"
"1985","79032"
"1986","79033"
"1987","79069"
"1988","79071"
"1989","79166"
"1990","79188"
"1991","79206"
"1992","79256"
"1993","79275"
"1994","79487"
"1995","79853"
"1996","81587"
"1997","81899"
"1998","82054"
"1999","82055"
"2000","82074"
"2001","82087"
"2002","82114"
"2003","82132"
"2004","82135"
"2005","82136"
"2006","82137"
"2007","82246"
"2008","82333"
"2009","82368"
"2010","82541"
"2011","82546"
"2012","82573"
"2013","82666"
"2014","82733"
"2015","82738"
"2016","82740"
"2017","83826"
"2018","83853"
"2019","83863"
"2020","83865"
"2021","83890"
"2022","83916"
"2023","83952"
"2024","84014"
"2025","84093"
"2026","84107"
"2027","84132"
"2028","84135"
"2029","84145"
"2030","84158"
"2031","84163"
"2032","84164"
"2033","84165"
"2034","84177"
"2035","84215"
"2036","84216"
"2037","84229"
"2038","84245"
"2039","84246"
"2040","84264"
"2041","84271"
"2042","84275"
"2043","84319"
"2044","84489"
"2045","85559"
"2046","85771"
"2047","85802"
"2048","85805"
"2049","85807"
"2050","85812"
"2051","85814"
"2052","85818"
"2053","85819"
"2054","85825"
"2055","85831"
"2056","85836"
"2057","85838"
"2058","85853"
"2059","85860"
"2060","85862"
"2061","85866"
"2062","85870"
"2063","85873"
"2064","85884"
"2065","85897"
"2066","85898"
"2067","85904"
"2068","85913"
"2069","85918"
"2070","85978"
"2071","85979"
"2072","85981"
"2073","85990"
"2074","86001"
"2075","86022"
"2076","86025"
"2077","86027"
"2078","86077"
"2079","86104"
"2080","86118"
"2081","86132"
"2082","86196"
"2083","86198"
"2084","86199"
"2085","86201"
"2086","86202"
"2087","86232"
"2088","86260"
"2089","86261"
"2090","86264"
"2091","86272"
"2092","86327"
"2093","86345"
"2094","86346"
"2095","86359"
"2096","86367"
"2097","86372"
"2098","86373"
"2099","86753"
"2100","87329"
"2101","87456"
"2102","87481"
"2103","87907"
"2104","87979"
"2105","87999"
"2106","88022"
"2107","88042"
"2108","88162"
"2109","88163"
"2110","88200"
"2111","88202"
"2112","88541"
"2113","88761"
"2114","88766"
"2115","88792"
"2116","88971"
"2117","89095"
"2118","89446"
"2119","89464"
"2120","89721"
"2121","90160"
"2122","90412"
"2123","90419"
"2124","90427"
"2125","90610"
"2126","90665"
"2127","90702"
"2128","90832"
"2129","90849"
"2130","90913"
"2131","90997"
"2132","91071"
"2133","91213"
"2134","91250"
"2135","91462"
"2136","91948"
"2137","92692"
"2138","92777"
"2139","94855"
"2140","94908"
"2141","94945"
"2142","94983"
"2143","95014"
"2144","95018"
"2145","95027"
"2146","95048"
"2147","95146"
"2148","95157"
"2149","95187"
"2150","95221"
"2151","95268"
"2152","95289"
"2153","95318"
"2154","95352"
"2155","95378"
"2156","95379"
"2157","95432"
"2158","95439"
"2159","95574"
"2160","96233"
"2161","96479"
"2162","96971"
"2163","97249"
"2164","97600"
"2165","97945"
"2166","97986"
"2167","98765"
"2168","98863"
"2169","98896"
"2170","99023"
"2171","99024"
"2172","99226"
"2173","99420"
"2174","99505"
"2175","100282"
"2176","100649"
"2177","100760"
"2178","101290"
"2179","101422"
"2180","101467"
"2181","101634"
"2182","101859"
"2183","102515"
"2184","102551"
"2185","102597"
"2186","102667"
"2187","102942"
"2188","103070"
"2189","103676"
"2190","103703"
"2191","103704"
"2192","104392"
"2193","104456"
"2194","104482"
"2195","105290"
"2196","105295"
"2197","105976"
"2198","105985"
"2199","105997"
"2200","106076"
"2201","106468"
"2202","106551"
"2203","106630"
"2204","106634"
"2205","106724"
"2206","106807"
"2207","106954"
"2208","106955"
"2209","107377"
"2210","107383"
"2211","107724"
"2212","107800"
"2213","107932"
"2214","108341"
"2215","108737"
"2216","108762"
"2217","108801"
"2218","109134"
"2219","109440"
"2220","109641"
"2221","109729"
"2222","110102"
"2223","110115"
"2224","110679"
"2225","110908"
"2226","111290"
"2227","111296"
"2228","111302"
"2229","111328"
"2230","111414"
"2231","111431"
"2232","112737"
"2233","112955"
"2234","113154"
"2235","113158"
"2236","113162"
"2237","113168"
"2238","113170"
"2239","113172"
"2240","113185"
"2241","113196"
"2242","113200"
"2243","113202"
"2244","113207"
"2245","113209"
"2246","113213"
"2247","113217"
"2248","113232"
"2249","113236"
"2250","113239"
"2251","113241"
"2252","113248"
"2253","113252"
"2254","113260"
"2255","113261"
"2256","113265"
"2257","113267"
"2258","113270"
"2259","113271"
"2260","113274"
"2261","113278"
"2262","113285"
"2263","113293"
"2264","113296"
"2265","113303"
"2266","113309"
"2267","113319"
"2268","113328"
"2269","113618"
"2270","113619"
"2271","113621"
"2272","113623"
"2273","113632"
"2274","113636"
"2275","113638"
"2276","113647"
"2277","113654"
"2278","113655"
"2279","113660"
"2280","113673"
"2281","113674"
"2282","113676"
"2283","113682"
"2284","113683"
"2285","113684"
"2286","113690"
"2287","113691"
"2288","113696"
"2289","113706"
"2290","113714"
"2291","113718"
"2292","113723"
"2293","113733"
"2294","113735"
"2295","113738"
"2296","113740"
"2297","113742"
"2298","113745"
"2299","113748"
"2300","113753"
"2301","113755"
"2302","113762"
"2303","113763"
"2304","113765"
"2305","113766"
"2306","113768"
"2307","113770"
"2308","113774"
"2309","113785"
"2310","113788"
"2311","113792"
"2312","113800"
"2313","113804"
"2314","113807"
"2315","113813"
"2316","113815"
"2317","113822"
"2318","113824"
"2319","113828"
"2320","113829"
"2321","113833"
"2322","113836"
"2323","113841"
"2324","113851"
"2325","113868"
"2326","113872"
"2327","113873"
"2328","113878"
"2329","113881"
"2330","113885"
"2331","113886"
"2332","113887"
"2333","113905"
"2334","113910"
"2335","113911"
"2336","113916"
"2337","113924"
"2338","113946"
"2339","113951"
"2340","113955"
"2341","113962"
"2342","113964"
"2343","113984"
"2344","113985"
"2345","113989"
"2346","114001"
"2347","114002"
"2348","114003"
"2349","114008"
"2350","114009"
"2351","114017"
"2352","114018"
"2353","114019"
"2354","114030"
"2355","114041"
"2356","114046"
"2357","114051"
"2358","114061"
"2359","114080"
"2360","114084"
"2361","114097"
"2362","114100"
"2363","114110"
"2364","114115"
"2365","114119"
"2366","114121"
"2367","114143"
"2368","114146"
"2369","114150"
"2370","114166"
"2371","114171"
"2372","114175"
"2373","114179"
"2374","114190"
"2375","114193"
"2376","114194"
"2377","114199"
"2378","114204"
"2379","114205"
"2380","114210"
"2381","114215"
"2382","114226"
"2383","114231"
"2384","114241"
"2385","114249"
"2386","114256"
"2387","114260"
"2388","114262"
"2389","114286"
"2390","114295"
"2391","114305"
"2392","114325"
"2393","114327"
"2394","114329"
"2395","114334"
"2396","114338"
"2397","114353"
"2398","114361"
"2399","114369"
"2400","114376"
"2401","114384"
"2402","114386"
"2403","114388"
"2404","114390"
"2405","114391"
"2406","114396"
"2407","114399"
"2408","114404"
"2409","114406"
"2410","114411"
"2411","114417"
"2412","114418"
"2413","114419"
"2414","114424"
"2415","114427"
"2416","114429"
"2417","114434"
"2418","114442"
"2419","114443"
"2420","114459"
"2421","114466"
"2422","114471"
"2423","114477"
"2424","114479"
"2425","114480"
"2426","114485"
"2427","114489"
"2428","114494"
"2429","114500"
"2430","114505"
"2431","114506"
"2432","114510"
"2433","114523"
"2434","114526"
"2435","114527"
"2436","114528"
"2437","114530"
"2438","114544"
"2439","114546"
"2440","114548"
"2441","114551"
"2442","114555"
"2443","114556"
"2444","114564"
"2445","114566"
"2446","114572"
"2447","114584"
"2448","114603"
"2449","114604"
"2450","114617"
"2451","114634"
"2452","114642"
"2453","114645"
"2454","114649"
"2455","114651"
"2456","114663"
"2457","114665"
"2458","114669"
"2459","114696"
"2460","114699"
"2461","114711"
"2462","114717"
"2463","114725"
"2464","114734"
"2465","114740"
"2466","114773"
"2467","114776"
"2468","114778"
"2469","114789"
"2470","114790"
"2471","114795"
"2472","114802"
"2473","114826"
"2474","114832"
"2475","114833"
"2476","114835"
"2477","114837"
"2478","114844"
"2479","114981"
"2480","115350"
"2481","115761"
"2482","115770"
"2483","115799"
"2484","115907"
"2485","116305"
"2486","116669"
"2487","116670"
"2488","116673"
"2489","116689"
"2490","116692"
"2491","116707"
"2492","116729"
"2493","116755"
"2494","116867"
"2495","116919"
"2496","117239"
"2497","117240"
"2498","117246"
"2499","117255"
"2500","117256"
"2501","117258"
"2502","117259"
"2503","117280"
"2504","117282"
"2505","117307"
"2506","117308"
"2507","117320"
"2508","117321"
"2509","117356"
"2510","117396"
"2511","117420"
"2512","117422"
"2513","117452"
"2514","117470"
"2515","117559"
"2516","117561"
"2517","117585"
"2518","117587"
"2519","117659"
"2520","117812"
"2521","117876"
"2522","117900"
"2523","117978"
"2524","118758"
"2525","119307"
"2526","119333"
"2527","119644"
"2528","120777"
"2529","120778"
"2530","121228"
"2531","121276"
"2532","121330"
"2533","122150"
"2534","122157"
"2535","122263"
"2536","122827"
"2537","122938"
"2538","123275"
"2539","123336"
"2540","123392"
"2541","123405"
"2542","123529"
"2543","123594"
"2544","123615"
"2545","123635"
"2546","123675"
"2547","123683"
"2548","123879"
"2549","124019"
"2550","124025"
"2551","124031"
"2552","124040"
"2553","124106"
"2554","124168"
"2555","124190"
"2556","124204"
"2557","124231"
"2558","124235"
"2559","124277"
"2560","124335"
"2561","124340"
"2562","124358"
"2563","124390"
"2564","124448"
"2565","124487"
"2566","124489"
"2567","124586"
"2568","124665"
"2569","124761"
"2570","124878"
"2571","124995"
"2572","125027"
"2573","125037"
"2574","125199"
"2575","125451"
"2576","125473"
"2577","125571"
"2578","125635"
"2579","125675"
"2580","125697"
"2581","125729"
"2582","125786"
"2583","125983"
"2584","126024"
"2585","126046"
"2586","126097"
"2587","126543"
"2588","126955"
"2589","126973"
"2590","127154"
"2591","127409"
"2592","127456"
"2593","127499"
"2594","127591"
"2595","127870"
"2596","128273"
"2597","128643"
"2598","128854"
"2599","128855"
"2600","129446"
"2601","129545"
"2602","129936"
"2603","129979"
"2604","130064"
"2605","130079"
"2606","130253"
"2607","130331"
"2608","130668"
"2609","130676"
"2610","130764"
"2611","130908"
"2612","131169"
"2613","131207"
"2614","131685"
"2615","131989"
"2616","131990"
"2617","132004"
"2618","132007"
"2619","132227"
"2620","132409"
"2621","133181"
"2622","133349"
"2623","133432"
"2624","133491"
"2625","133492"
"2626","133625"
"2627","133829"
"2628","134011"
"2629","134013"
"2630","134129"
"2631","134255"
"2632","134381"
"2633","134635"
"2634","134664"
"2635","134707"
"2636","134982"
"2637","135203"
"2638","135521"
"2639","136184"
"2640","136219"
"2641","136228"
"2642","136630"
"2643","136813"
"2644","137801"
"2645","138286"
"2646","138396"
"2647","138576"
"2648","138620"
"2649","139148"
"2650","139241"
"2651","139381"
"2652","139422"
"2653","139699"
"2654","139797"
"2655","141945"
"2656","143606"
"2657","146084"
"2658","146231"
"2659","146412"
"2660","146487"
"2661","146670"
"2662","146855"
"2663","146901"
"2664","147410"
"2665","147419"
"2666","147556"
"2667","147665"
"2668","147666"
"2669","147883"
"2670","147885"
"2671","147995"
"2672","148368"
"2673","148373"
"2674","148490"
"2675","148495"
"2676","148754"
"2677","148758"
"2678","148906"
"2679","148918"
"2680","148924"
"2681","148957"
"2682","148960"
"2683","148992"
"2684","149004"
"2685","149010"
"2686","149070"
"2687","149074"
"2688","149075"
"2689","149125"
"2690","149145"
"2691","149169"
"2692","149211"
"2693","149241"
"2694","149246"
"2695","149261"
"2696","149267"
"2697","149378"
"2698","149382"
"2699","149386"
"2700","149399"
"2701","149445"
"2702","149488"
"2703","151648"
"2704","152010"
"2705","152060"
"2706","152069"
"2707","152106"
"2708","152125"
"2709","152141"
"2710","152153"
"2711","152169"
"2712","152174"
"2713","152243"
"2714","152247"
"2715","152261"
"2716","152281"
"2717","152289"
"2718","152294"
"2719","152305"
"2720","152308"
"2721","152336"
"2722","152338"
"2723","152339"
"2724","152344"
"2725","152360"
"2726","152441"
"2727","152486"
"2728","152487"
"2729","152492"
"2730","152562"
"2731","152579"
"2732","152581"
"2733","152582"
"2734","152595"
"2735","152598"
"2736","152601"
"2737","152610"
"2738","152611"
"2739","152618"
"2740","152628"
"2741","152634"
"2742","152635"
"2743","152640"
"2744","152652"
"2745","152658"
"2746","152775"
"2747","152917"
"2748","153064"
"2749","153259"
"2750","153317"
"2751","153587"
"2752","153672"
"2753","153681"
"2754","153761"
"2755","154064"
"2756","154199"
"2757","154303"
"2758","154454"
"2759","154464"
"2760","154471"
"2761","154479"
"2762","154482"
"2763","154798"
"2764","154873"
"2765","154894"
"2766","154903"
"2767","154905"
"2768","154935"
"2769","154944"
"2770","154946"
"2771","155003"
"2772","155329"
"2773","155372"
"2774","155373"
"2775","155379"
"2776","156115"
"2777","156174"
"2778","156264"
"2779","156301"
"2780","156335"
"2781","156336"
"2782","156380"
"2783","156385"
"2784","156396"
"2785","156429"
"2786","156458"
"2787","156502"
"2788","156563"
"2789","156666"
"2790","156670"
"2791","156680"
"2792","156721"
"2793","156806"
"2794","156956"
"2795","156987"
"2796","157136"
"2797","157386"
"2798","157388"
"2799","157409"
"2800","157624"
"2801","157910"
"2802","157912"
"2803","157971"
"2804","157988"
"2805","158008"
"2806","158072"
"2807","158460"
"2808","158461"
"2809","158677"
"2810","158688"
"2811","159739"
"2812","159944"
"2813","160111"
"2814","160212"
"2815","160263"
"2816","160264"
"2817","160447"
"2818","160486"
"2819","160668"
"2820","160929"
"2821","161460"
"2822","161873"
"2823","162027"
"2824","162275"
"2825","162314"
"2826","162317"
"2827","162431"
"2828","162926"
"2829","162957"
"2830","163023"
"2831","163155"
"2832","163426"
"2833","163573"
"2834","163702"
"2835","163704"
"2836","163711"
"2837","163973"
"2838","164024"
"2839","164091"
"2840","164099"
"2841","164177"
"2842","164227"
"2843","164279"
"2844","164304"
"2845","164399"
"2846","164457"
"2847","164822"
"2848","164884"
"2849","165449"
"2850","165450"
"2851","165633"
"2852","165661"
"2853","167395"
"2854","167457"
"2855","167528"
"2856","167940"
"2857","167953"
"2858","168114"
"2859","168117"
"2860","168129"
"2861","168300"
"2862","168310"
"2863","168379"
"2864","168622"
"2865","168716"
"2866","168771"
"2867","168788"
"2868","168807"
"2869","168839"
"2870","168850"
"2871","169299"
"2872","170213"
"2873","170527"
"2874","171062"
"2875","171091"
"2876","171199"
"2877","171215"
"2878","171245"
"2879","171255"
"2880","171261"
"2881","171265"
"2882","171280"
"2883","171292"
"2884","171293"
"2885","171309"
"2886","171322"
"2887","171326"
"2888","171336"
"2889","171360"
"2890","171371"
"2891","171389"
"2892","171390"
"2893","171395"
"2894","171397"
"2895","171558"
"2896","171559"
"2897","172025"
"2898","173220"
"2899","173228"
"2900","173241"
"2901","173251"
"2902","173254"
"2903","173289"
"2904","173303"
"2905","173339"
"2906","173341"
"2907","173385"
"2908","173410"
"2909","173414"
"2910","173449"
"2911","173486"
"2912","173494"
"2913","173509"
"2914","173551"
"2915","173722"
"2916","173727"
"2917","174212"
"2918","174687"
"2919","174762"
"2920","174788"
"2921","174896"
"2922","175436"
"2923","175465"
"2924","175466"
"2925","175476"
"2926","175479"
"2927","175502"
"2928","175517"
"2929","175524"
"2930","175536"
"2931","175559"
"2932","175562"
"2933","175565"
"2934","175586"
"2935","175592"
"2936","175597"
"2937","175602"
"2938","175609"
"2939","175610"
"2940","175617"
"2941","175650"
"2942","175658"
"2943","175665"
"2944","175666"
"2945","175674"
"2946","175683"
"2947","175694"
"2948","175701"
"2949","175720"
"2950","175732"
"2951","175733"
"2952","175738"
"2953","175740"
"2954","175765"
"2955","175770"
"2956","175813"
"2957","175821"
"2958","175823"
"2959","176393"
"2960","176395"
"2961","176407"
"2962","177026"
"2963","177159"
"2964","178196"
"2965","178553"
"2966","178903"
"2967","179314"
"2968","179887"
"2969","180175"
"2970","180366"
"2971","180379"
"2972","180420"
"2973","180434"
"2974","180845"
"2975","181143"
"2976","181306"
"2977","181405"
"2978","181450"
"2979","181451"
"2980","181474"
"2981","181478"
"2982","181765"
"2983","182388"
"2984","182444"
"2985","182533"
"2986","182887"
"2987","183281"
"2988","184902"
"2989","184946"
"2990","185233"
"2991","185732"
"2992","186494"
"2993","187793"
"2994","189519"
"2995","189850"
"2996","192651"
"2997","192722"
"2998","193050"
"2999","193280"
"3000","193297"
"3001","193457"
"3002","193669"
"3003","195153"
"3004","195166"
"3005","195262"
"3006","195999"
"3007","196000"
"3008","196002"
"3009","196369"
"3010","196442"
"3011","196465"
"3012","196735"
"3013","196760"
"3014","196968"
"3015","197332"
"3016","197433"
"3017","197734"
"3018","197744"
"3019","198057"
"3020","198235"
"3021","198378"
"3022","198384"
"3023","198404"
"3024","198463"
"3025","199352"
"3026","200931"
"3027","201160"
"3028","201695"
"3029","201790"
"3030","202013"
"3031","205841"
"3032","205917"
"3033","208170"
"3034","208612"
"3035","208622"
"3036","209273"
"3037","209522"
"3038","210065"
"3039","211388"
"3040","214738"
"3041","214955"
"3042","215348"
"3043","216467"
"3044","218980"
"3045","220830"
"3046","221283"
"3047","221571"
"3048","221815"
"3049","221885"
"3050","224590"
"3051","224591"
"3052","224840"
"3053","225258"
"3054","226326"
"3055","226723"
"3056","226772"
"3057","227360"
"3058","228556"
"3059","229530"
"3060","229624"
"3061","229862"
"3062","230417"
"3063","230598"
"3064","230601"
"3065","230602"
"3066","230983"
"3067","231145"
"3068","231146"
"3069","231522"
"3070","231957"
"3071","232626"
"3072","232726"
"3073","232795"
"3074","233608"
"3075","233907"
"3076","235572"
"3077","235880"
"3078","236131"
"3079","236150"
"3080","236531"
"3081","236768"
"3082","236811"
"3083","236840"
"3084","237278"
"3085","237295"
"3086","237413"
"3087","237504"
"3088","237522"
"3089","237746"
"3090","238117"
"3091","238204"
"3092","238810"
"3093","238939"
"3094","239511"
"3095","242690"
"3096","242818"
"3097","243946"
"3098","243959"
"3099","245062"
"3100","248787"
"3101","249093"
"3102","250603"
"3103","251309"
"3104","251564"
"3105","254624"
"3106","254811"
"3107","256258"
"3108","257260"
"3109","257672"
"3110","257753"
"3111","257780"
"3112","257894"
"3113","257913"
"3114","258823"
"3115","259027"
"3116","259054"
"3117","259096"
"3118","259363"
"3119","259561"
"3120","259587"
"3121","260176"
"3122","260181"
"3123","260188"
"3124","260220"
"3125","260225"
"3126","260260"
"3127","260272"
"3128","260301"
"3129","260314"
"3130","260320"
"3131","260341"
"3132","260366"
"3133","260371"
"3134","260386"
"3135","260390"
"3136","260391"
"3137","260409"
"3138","260419"
"3139","260428"
"3140","260430"
"3141","260431"
"3142","260434"
"3143","260444"
"3144","260462"
"3145","260491"
"3146","260498"
"3147","260535"
"3148","260539"
"3149","260543"
"3150","260544"
"3151","260546"
"3152","260556"
"3153","260574"
"3154","260590"
"3155","260596"
"3156","260605"
"3157","260629"
"3158","260631"
"3159","260635"
"3160","260636"
"3161","260645"
"3162","260658"
"3163","260668"
"3164","260673"
"3165","260691"
"3166","260704"
"3167","260705"
"3168","260722"
"3169","260724"
"3170","260731"
"3171","260749"
"3172","260796"
"3173","260808"
"3174","260819"
"3175","260843"
"3176","260845"
"3177","260847"
"3178","260869"
"3179","260890"
"3180","260900"
"3181","260913"
"3182","260916"
"3183","260917"
"3184","260921"
"3185","260950"
"3186","260952"
"3187","260966"
"3188","260974"
"3189","260992"
"3190","260996"
"3191","260999"
"3192","261002"
"3193","261028"
"3194","261081"
"3195","261084"
"3196","261091"
"3197","261092"
"3198","261095"
"3199","261103"
"3200","261117"
"3201","261123"
"3202","261130"
"3203","261148"
"3204","261149"
"3205","261155"
"3206","261156"
"3207","261165"
"3208","261171"
"3209","261174"
"3210","261179"
"3211","261182"
"3212","261193"
"3213","261200"
"3214","261205"
"3215","261210"
"3216","261232"
"3217","261235"
"3218","261238"
"3219","261239"
"3220","261249"
"3221","261266"
"3222","261267"
"3223","261269"
"3224","261272"
"3225","261278"
"3226","261342"
"3227","261353"
"3228","261354"
"3229","261355"
"3230","261365"
"3231","261369"
"3232","261370"
"3233","261374"
"3234","261376"
"3235","261395"
"3236","261397"
"3237","261403"
"3238","261407"
"3239","261432"
"3240","261451"
"3241","261460"
"3242","261466"
"3243","261537"
"3244","261538"
"3245","261547"
"3246","261553"
"3247","261555"
"3248","261560"
"3249","261573"
"3250","261577"
"3251","261583"
"3252","261588"
"3253","261599"
"3254","261600"
"3255","261604"
"3256","261617"
"3257","261622"
"3258","261632"
"3259","261639"
"3260","261650"
"3261","261651"
"3262","261653"
"3263","261660"
"3264","261661"
"3265","261671"
"3266","261673"
"3267","261677"
"3268","261679"
"3269","261693"
"3270","261696"
"3271","261700"
"3272","261707"
"3273","261747"
"3274","261749"
"3275","261755"
"3276","261761"
"3277","261780"
"3278","261787"
"3279","261788"
"3280","261796"
"3281","261801"
"3282","261802"
"3283","261806"
"3284","261825"
"3285","261832"
"3286","261835"
"3287","261840"
"3288","261944"
"3289","261984"
"3290","261988"
"3291","261989"
"3292","262002"
"3293","262005"
"3294","262014"
"3295","262027"
"3296","262030"
"3297","262079"
"3298","262142"
"3299","265856"
"3300","265860"
"3301","266469"
"3302","266659"
"3303","272763"
"3304","273383"
"3305","275249"
"3306","276189"
"3307","277902"
"3308","278343"
"3309","278773"
"3310","279681"
"3311","280942"
"3312","281065"
"3313","281146"
"3314","282565"
"3315","282796"
"3316","282802"
"3317","282818"
"3318","282822"
"3319","282826"
"3320","282842"
"3321","282876"
"3322","282913"
"3323","282929"
"3324","282966"
"3325","283017"
"3326","283035"
"3327","283040"
"3328","283053"
"3329","283055"
"3330","283061"
"3331","283069"
"3332","283077"
"3333","283085"
"3334","283212"
"3335","283259"
"3336","286437"
"3337","287152"
"3338","288681"
"3339","288761"
"3340","289823"
"3341","290469"
"3342","291166"
"3343","293403"
"3344","294269"
"3345","294635"
"3346","294902"
"3347","296052"
"3348","299223"
"3349","299877"
"3350","300476"
"3351","300573"
"3352","302319"
"3353","302797"
"3354","303388"
"3355","303479"
"3356","304565"
"3357","304859"
"3358","305071"
"3359","305326"
"3360","305348"
"3361","306205"
"3362","306543"
"3363","307522"
"3364","307665"
"3365","307693"
"3366","307770"
"3367","308480"
"3368","308715"
"3369","308747"
"3370","308750"
"3371","308874"
"3372","310378"
"3373","312214"
"3374","312508"
"3375","315669"
"3376","315952"
"3377","315977"
"3378","315986"
"3379","316001"
"3380","316005"
"3381","316019"
"3382","316021"
"3383","316028"
"3384","316038"
"3385","316039"
"3386","316092"
"3387","316106"
"3388","316108"
"3389","316122"
"3390","316129"
"3391","316133"
"3392","316159"
"3393","316163"
"3394","316186"
"3395","316204"
"3396","316237"
"3397","316244"
"3398","316258"
"3399","316261"
"3400","316265"
"3401","316266"
"3402","316275"
"3403","316281"
"3404","316305"
"3405","316320"
"3406","316356"
"3407","316357"
"3408","316358"
"3409","316389"
"3410","316394"
"3411","316398"
"3412","316419"
"3413","316430"
"3414","316491"
"3415","316518"
"3416","316533"
"3417","316555"
"3418","316568"
"3419","316574"
"3420","316589"
"3421","316609"
"3422","316618"
"3423","316627"
"3424","316645"
"3425","316650"
"3426","316670"
"3427","316677"
"3428","316698"
"3429","316710"
"3430","316714"
"3431","316716"
"3432","316722"
"3433","316744"
"3434","316747"
"3435","316752"
"3436","316755"
"3437","316774"
"3438","316784"
"3439","316803"
"3440","316811"
"3441","316813"
"3442","316829"
"3443","316830"
"3444","316877"
"3445","316881"
"3446","316901"
"3447","316908"
"3448","316909"
"3449","316932"
"3450","316950"
"3451","316968"
"3452","316969"
"3453","316976"
"3454","316982"
"3455","316988"
"3456","316989"
"3457","317022"
"3458","317058"
"3459","317087"
"3460","317099"
"3461","318498"
"3462","319051"
"3463","321747"
"3464","321764"
"3465","322292"
"3466","322887"
"3467","323576"
"3468","324102"
"3469","324233"
"3470","324616"
"3471","326056"
"3472","326275"
"3473","327157"
"3474","328308"
"3475","328868"
"3476","330395"
"3477","345491"
"3478","345549"
"3479","346817"
"3480","347986"
"3481","348007"
"3482","348177"
"3483","348233"
"3484","348292"
"3485","352304"
"3486","353370"
"3487","359602"
"3488","361925"
"3489","361926"
"3490","362193"
"3491","363604"
"3492","363610"
"3493","363816"
"3494","363969"
"3495","364152"
"3496","364203"
"3497","364211"
"3498","364214"
"3499","364286"
"3500","364747"
"3501","364770"
"3502","364991"
"3503","366178"
"3504","366179"
"3505","366194"
"3506","366198"
"3507","366203"
"3508","366205"
"3509","366206"
"3510","366209"
"3511","366219"
"3512","366223"
"3513","366224"
"3514","366239"
"3515","366245"
"3516","366247"
"3517","366249"
"3518","366250"
"3519","366252"
"3520","366257"
"3521","366261"
"3522","366266"
"3523","366270"
"3524","366271"
"3525","366275"
"3526","366278"
"3527","366281"
"3528","366284"
"3529","366286"
"3530","366290"
"3531","366291"
"3532","366292"
"3533","366294"
"3534","366300"
"3535","366309"
"3536","366311"
"3537","366312"
"3538","366320"
"3539","366321"
"3540","366339"
"3541","366347"
"3542","366357"
"3543","366360"
"3544","366362"
"3545","366375"
"3546","366383"
"3547","366388"
"3548","366389"
"3549","366391"
"3550","366393"
"3551","366395"
"3552","366401"
"3553","366410"
"3554","366417"
"3555","366420"
"3556","366422"
"3557","366424"
"3558","366437"
"3559","366441"
"3560","366452"
"3561","366455"
"3562","366460"
"3563","366463"
"3564","366475"
"3565","366476"
"3566","366481"
"3567","366484"
"3568","366485"
"3569","366489"
"3570","366492"
"3571","366495"
"3572","366498"
"3573","366499"
"3574","366500"
"3575","366504"
"3576","366505"
"3577","366510"
"3578","366522"
"3579","366523"
"3580","366524"
"3581","366527"
"3582","366538"
"3583","366539"
"3584","366543"
"3585","366545"
"3586","366546"
"3587","366548"
"3588","366551"
"3589","366556"
"3590","366557"
"3591","366563"
"3592","366565"
"3593","366578"
"3594","366585"
"3595","366594"
"3596","366603"
"3597","366615"
"3598","366629"
"3599","366630"
"3600","366631"
"3601","366633"
"3602","366649"
"3603","366654"
"3604","366666"
"3605","366668"
"3606","366670"
"3607","366673"
"3608","366674"
"3609","366680"
"3610","366681"
"3611","366687"
"3612","366696"
"3613","367431"
"3614","369076"
"3615","371343"
"3616","375510"
"3617","378515"
"3618","378961"
"3619","379001"
"3620","379130"
"3621","379131"
"3622","381536"
"3623","382904"
"3624","384589"
"3625","384705"
"3626","385186"
"3627","385999"
"3628","386865"
"3629","388149"
"3630","388810"
"3631","388820"
"3632","388983"
"3633","389033"
"3634","389118"
"3635","390363"
"3636","390665"
"3637","391114"
"3638","391137"
"3639","391207"
"3640","391229"
"3641","391296"
"3642","391330"
"3643","394419"
"3644","394423"
"3645","395389"
"3646","398112"
"3647","398252"
"3648","398253"
"3649","398294"
"3650","398746"
"3651","398754"
"3652","398762"
"3653","398766"
"3654","398774"
"3655","399087"
"3656","399095"
"3657","399133"
"3658","399458"
"3659","399473"
"3660","400790"
"3661","404966"
"3662","406583"
"3663","407078"
"3664","407098"
"3665","408129"
"3666","408326"
"3667","408977"
"3668","413372"
"3669","419610"
"3670","419925"
"3671","421019"
"3672","421024"
"3673","421026"
"3674","421032"
"3675","421036"
"3676","421037"
"3677","421038"
"3678","421040"
"3679","421041"
"3680","421048"
"3681","421050"
"3682","421051"
"3683","421056"
"3684","421057"
"3685","421060"
"3686","421061"
"3687","421065"
"3688","421066"
"3689","421072"
"3690","421073"
"3691","421075"
"3692","421078"
"3693","421081"
"3694","421084"
"3695","421086"
"3696","421088"
"3697","421093"
"3698","421094"
"3699","421096"
"3700","421101"
"3701","421102"
"3702","421105"
"3703","421106"
"3704","421107"
"3705","421110"
"3706","421111"
"3707","421126"
"3708","421131"
"3709","421134"
"3710","421135"
"3711","421137"
"3712","421142"
"3713","421147"
"3714","421151"
"3715","421155"
"3716","421163"
"3717","421164"
"3718","421167"
"3719","421170"
"3720","421171"
"3721","421178"
"3722","421182"
"3723","421184"
"3724","421185"
"3725","421194"
"3726","421195"
"3727","421204"
"3728","421206"
"3729","421214"
"3730","421215"
"3731","421217"
"3732","421218"
"3733","421220"
"3734","421223"
"3735","421224"
"3736","421227"
"3737","421228"
"3738","421229"
"3739","421233"
"3740","421235"
"3741","421236"
"3742","421238"
"3743","421242"
"3744","421250"
"3745","421251"
"3746","421252"
"3747","421253"
"3748","421255"
"3749","421256"
"3750","421257"
"3751","421259"
"3752","421263"
"3753","421268"
"3754","421273"
"3755","421274"
"3756","421278"
"3757","421279"
"3758","421280"
"3759","421281"
"3760","421284"
"3761","421285"
"3762","421286"
"3763","421287"
"3764","421293"
"3765","421295"
"3766","421297"
"3767","421299"
"3768","421300"
"3769","421305"
"3770","421310"
"3771","421312"
"3772","421315"
"3773","421316"
"3774","421318"
"3775","421320"
"3776","421326"
"3777","421327"
"3778","421329"
"3779","421330"
"3780","421333"
"3781","421334"
"3782","421337"
"3783","421338"
"3784","421341"
"3785","421343"
"3786","421345"
"3787","421348"
"3788","421351"
"3789","421355"
"3790","421361"
"3791","421367"
"3792","421369"
"3793","421372"
"3794","421373"
"3795","421380"
"3796","421384"
"3797","421387"
"3798","421393"
"3799","421394"
"3800","421396"
"3801","421399"
"3802","421403"
"3803","421405"
"3804","421406"
"3805","421407"
"3806","421412"
"3807","421413"
"3808","421414"
"3809","421415"
"3810","421418"
"3811","421421"
"3812","421423"
"3813","421426"
"3814","421428"
"3815","421430"
"3816","421432"
"3817","421433"
"3818","421435"
"3819","421437"
"3820","421440"
"3821","421441"
"3822","421443"
"3823","421449"
"3824","421450"
"3825","421451"
"3826","421454"
"3827","421455"
"3828","421456"
"3829","421457"
"3830","421459"
"3831","421466"
"3832","421467"
"3833","421470"
"3834","421471"
"3835","421473"
"3836","421476"
"3837","421477"
"3838","421481"
"3839","421482"
"3840","421492"
"3841","421494"
"3842","421495"
"3843","421497"
"3844","421502"
"3845","421504"
"3846","421505"
"3847","421506"
"3848","421507"
"3849","421509"
"3850","421512"
"3851","421514"
"3852","421516"
"3853","421517"
"3854","421518"
"3855","421532"
"3856","421535"
"3857","421539"
"3858","421540"
"3859","421541"
"3860","421543"
"3861","421544"
"3862","421545"
"3863","421546"
"3864","421549"
"3865","421550"
"3866","421551"
"3867","421554"
"3868","421555"
"3869","421559"
"3870","421561"
"3871","421562"
"3872","421568"
"3873","421569"
"3874","421570"
"3875","421571"
"3876","421577"
"3877","421578"
"3878","421581"
"3879","421583"
"3880","421590"
"3881","421591"
"3882","421593"
"3883","421595"
"3884","421596"
"3885","421598"
"3886","421600"
"3887","421601"
"3888","421604"
"3889","421605"
"3890","421607"
"3891","421608"
"3892","421909"
"3893","422045"
"3894","422115"
"3895","422128"
"3896","422135"
"3897","422141"
"3898","422148"
"3899","422151"
"3900","422164"
"3901","422168"
"3902","422173"
"3903","422180"
"3904","422185"
"3905","422189"
"3906","422193"
"3907","422194"
"3908","422195"
"3909","422214"
"3910","422222"
"3911","422241"
"3912","422261"
"3913","422281"
"3914","422308"
"3915","422319"
"3916","422340"
"3917","422341"
"3918","422365"
"3919","422384"
"3920","422386"
"3921","422387"
"3922","422393"
"3923","422398"
"3924","422410"
"3925","422419"
"3926","422421"
"3927","422441"
"3928","422455"
"3929","422460"
"3930","422479"
"3931","422491"
"3932","422493"
"3933","422494"
"3934","422497"
"3935","422500"
"3936","422512"
"3937","422513"
"3938","422518"
"3939","422532"
"3940","422551"
"3941","422556"
"3942","422560"
"3943","422569"
"3944","422573"
"3945","422579"
"3946","422580"
"3947","422582"
"3948","422588"
"3949","422589"
"3950","422590"
"3951","422605"
"3952","422622"
"3953","422645"
"3954","422646"
"3955","422652"
"3956","422655"
"3957","422666"
"3958","422669"
"3959","422681"
"3960","422685"
"3961","422686"
"3962","422700"
"3963","422701"
"3964","422720"
"3965","422729"
"3966","422731"
"3967","422732"
"3968","422773"
"3969","422800"
"3970","422801"
"3971","422842"
"3972","422986"
"3973","423048"
"3974","430002"
"3975","433606"
"3976","437888"
"3977","438120"
"3978","438121"
"3979","438129"
"3980","438138"
"3981","438167"
"3982","438179"
"3983","438184"
"3984","438185"
"3985","438202"
"3986","438203"
"3987","438204"
"3988","438206"
"3989","438208"
"3990","438226"
"3991","438235"
"3992","438238"
"3993","438240"
"3994","438260"
"3995","438264"
"3996","438265"
"3997","438297"
"3998","438299"
"3999","438312"
"4000","438313"
"4001","438328"
"4002","438329"
"4003","438347"
"4004","438348"
"4005","438355"
"4006","438365"
"4007","438376"
"4008","438388"
"4009","438393"
"4010","438397"
"4011","438402"
"4012","438421"
"4013","438432"
"4014","438438"
"4015","438443"
"4016","438449"
"4017","438450"
"4018","438451"
"4019","438454"
"4020","438457"
"4021","438458"
"4022","438462"
"4023","438467"
"4024","438468"
"4025","438482"
"4026","438496"
"4027","438499"
"4028","438500"
"4029","438502"
"4030","438514"
"4031","438520"
"4032","438527"
"4033","438529"
"4034","438530"
"4035","438531"
"4036","438532"
"4037","438542"
"4038","438544"
"4039","438547"
"4040","438548"
"4041","438567"
"4042","438572"
"4043","438586"
"4044","438587"
"4045","438613"
"4046","438618"
"4047","438633"
"4048","438634"
"4049","438643"
"4050","438647"
"4051","438650"
"4052","438654"
"4053","438659"
"4054","438668"
"4055","438693"
"4056","438694"
"4057","438695"
